822,False
4657,False
8098,True
5627,True
6896,True
7243,True
5269,False
1931,True
1986,False
88,False
4463,True
6608,False
2276,False
2298,False
6208,False
3040,True
2645,True
8020,False
1688,True
5881,True
7796,False
1562,False
8448,True
5960,True
5602,False
3750,True
5122,False
2548,False
3640,False
4029,False
3539,False
7635,True
1783,True
23,False
2518,True
7174,True
4258,True
5404,True
704,True
1052,True
3757,True
6277,True
3837,False
341,False
4215,False
8546,True
187,True
418,True
2923,True
8537,True
2133,True
6886,False
2072,True
3313,False
5340,True
6126,False
1021,True
7410,False
360,True
8434,True
6077,False
3988,False
1291,False
4955,True
1606,False
52,True
3806,False
6838,False
7227,True
3636,True
2643,True
3985,True
1373,False
816,True
1720,True
1634,True
2900,False
821,False
4473,True
1350,True
1601,True
4649,False
968,False
2958,True
3858,True
4795,True
8536,False
7123,True
2225,False
7005,False
1112,True
7074,True
1662,True
649,False
3948,False
8010,True
5134,False
3736,True
8392,False
7096,True
4999,False
522,False
4019,True
5890,True
1994,False
5183,False
7539,False
1095,False
2504,False
800,False
4252,True
1596,True
2457,False
8625,True
3897,False
3966,True
1824,False
3729,True
2500,False
7302,False
5795,True
5205,False
8244,True
3549,False
1003,False
5870,False
5736,True
8092,False
6076,True
1159,True
2351,True
8585,False
5013,True
959,False
723,False
2991,False
7483,False
8475,False
6298,True
2170,True
2556,False
4821,False
8221,True
8230,False
6295,True
864,False
4065,True
1386,True
861,True
3371,True
3872,False
1385,False
786,False
538,False
3857,False
6504,True
5462,True
5049,True
3113,False
7489,True
5243,True
1203,True
4885,False
7422,True
8024,True
8460,True
7628,False
7109,False
7040,True
3336,False
3564,False
4947,False
757,True
4881,True
3617,True
6866,True
4608,False
2203,False
3012,True
7020,True
7943,False
195,True
212,True
7559,True
7419,False
4163,True
8255,False
6522,False
7010,True
4829,True
2132,False
2659,True
4399,True
881,False
2816,False
3003,False
1870,False
4577,False
3036,False
4022,True
7208,False
667,True
5585,True
2161,True
1310,True
83,True
6381,True
7196,True
2858,True
675,True
3201,True
4552,False
5055,False
465,False
8307,True
3545,True
7077,True
4254,False
671,True
5060,True
2702,False
7102,False
4509,False
5264,True
364,False
8358,True
4547,False
3711,False
1629,False
2374,True
3252,False
7990,True
4566,False
4969,False
5178,False
587,False
7716,False
6227,True
2636,True
5903,True
1485,True
7561,True
7887,True
1953,False
6384,True
131,False
3292,True
4396,True
7247,False
5256,False
4938,True
5464,True
7083,False
3124,True
2400,False
2309,False
2687,True
1185,False
3525,False
3406,True
4768,False
7764,False
3560,False
6133,True
709,False
3011,False
5341,True
7852,True
7085,False
8224,True
8554,False
1420,False
7350,True
799,False
7331,True
5986,False
3412,True
1491,True
7933,False
6554,False
3741,True
5394,True
6181,True
3965,False
8062,False
14,True
3670,False
6668,True
6103,False
3153,True
6495,True
638,False
8155,True
7446,False
8604,False
6903,False
960,False
5344,True
8145,False
415,True
3482,False
9,True
3631,True
6226,True
1224,False
144,False
4689,True
4042,True
566,False
3056,True
1885,False
5711,True
8668,True
69,False
6654,False
762,False
8609,False
6122,False
3800,False
2273,True
910,False
6942,False
3900,True
1505,True
8165,False
4435,False
5105,False
6414,True
546,True
5131,False
645,False
8086,True
8527,True
3589,False
6985,True
1162,True
4072,False
3328,False
6431,True
4631,True
2322,False
7921,True
6620,True
5124,True
5246,True
297,True
1244,False
5839,False
871,True
6932,True
1286,True
7645,True
6368,True
2236,False
4272,False
1782,False
1446,True
6309,True
4993,True
7360,False
2044,False
3361,True
7038,False
1712,False
25,False
5679,False
3962,True
5203,True
6897,True
4210,True
7008,True
1941,False
4358,True
7290,False
2117,True
7816,True
6413,False
5059,False
5942,True
6735,False
296,True
1840,True
7486,True
4933,False
3475,False
5656,True
4319,False
7272,True
134,False
2313,True
5637,True
878,True
6920,False
1156,False
2397,False
6276,False
2427,False
7277,False
6777,True
857,True
2827,True
1761,False
605,True
6379,False
2185,False
6898,True
4762,False
3761,False
2049,True
3163,False
579,False
3249,True
5306,False
6645,True
3881,True
3868,True
728,False
8044,True
8111,False
6173,False
2715,False
4673,False
2114,False
2798,False
8683,False
2881,False
520,True
4936,True
5334,True
3626,False
491,False
5026,False
2020,True
7766,False
2916,True
4946,False
5846,True
2615,True
4636,False
1428,False
7418,False
3288,False
4207,True
7416,True
2088,True
3043,True
2077,False
7328,False
6562,False
6606,True
8274,False
6677,True
1293,False
5973,False
3568,False
3916,False
8340,False
7532,False
5889,False
8220,True
5453,False
3368,True
7801,False
1900,True
8552,False
2302,True
3998,False
112,True
1073,False
8297,False
3532,True
1846,False
3514,True
6680,False
1128,False
6205,True
2057,False
2028,True
660,True
3069,False
8286,True
4796,False
3567,False
2056,True
98,False
7698,True
5911,False
1919,True
5309,False
8500,False
2411,True
1755,False
7332,False
4428,True
2647,False
592,True
2723,True
4819,True
1550,False
5195,True
2585,False
6640,True
6630,False
6503,False
842,False
2045,False
941,True
2692,False
5984,False
4896,False
5859,False
383,True
4931,True
6931,False
1722,True
8607,True
4867,True
5375,False
4237,False
6471,True
6575,False
1853,True
3318,False
5422,False
8681,True
3940,True
5097,True
3991,True
7039,True
1047,True
5845,True
315,True
5812,True
691,True
8575,True
1493,False
6220,True
4637,True
7366,False
1478,False
6804,True
4701,True
1610,False
6690,False
2017,False
6161,False
1322,False
6523,True
5048,False
4658,False
7240,True
4693,True
3634,True
5788,True
5037,False
636,False
4448,True
3506,True
8468,True
4071,True
5869,True
1125,False
5581,True
2842,False
1635,True
8423,False
1331,False
1646,True
6616,True
894,True
7891,False
84,False
4203,False
1698,True
4771,False
3975,True
4553,True
7452,False
1241,True
8638,True
358,False
3081,True
1902,False
5165,True
4563,False
8329,False
778,False
4973,False
3873,True
8261,True
7860,True
5625,True
6395,True
7840,True
1697,False
1976,False
5633,False
2654,False
4782,True
1978,True
3260,False
5236,False
1571,True
1097,True
5962,True
3890,False
6446,False
5307,False
3121,True
8144,True
1253,False
6421,True
6328,True
50,False
1805,True
6261,False
4844,False
7936,False
2391,False
4304,True
2698,True
3905,True
3503,True
4132,True
3430,False
1863,True
7148,False
6919,False
6304,False
7015,True
3326,True
0,False
5606,False
4504,False
4983,True
4575,False
194,False
8330,True
3592,False
4047,False
6359,True
6382,True
3758,True
4907,True
4419,True
3094,True
5851,True
2353,True
2296,False
3775,True
4965,True
5848,True
4143,False
3139,True
5940,False
4540,False
3629,False
8080,False
3289,False
2291,False
1531,True
6086,False
4923,True
7284,False
7153,False
2021,True
5513,True
2300,False
1441,True
2421,True
1433,True
2661,True
7922,True
7546,True
4468,False
2128,True
4332,False
5976,True
7459,True
7598,True
718,False
5175,False
5748,True
3375,False
4703,True
4338,True
2342,True
7968,True
5091,True
4864,False
4167,True
2894,False
7007,True
2485,False
8581,False
8692,True
7047,False
5009,True
267,True
2822,False
3769,True
6079,False
8462,False
3452,False
1158,True
1749,False
3351,True
4376,False
327,True
4898,False
1061,True
3793,True
1457,False
4149,False
1006,True
8572,False
6699,True
2531,False
865,False
4998,True
2837,True
681,False
2872,False
5274,True
6694,True
4168,True
1423,False
7658,True
7977,False
5400,True
8483,True
2639,False
3799,False
812,False
7469,True
6830,True
6944,False
5511,True
4785,True
5410,False
4632,False
2711,False
2150,True
8138,False
3215,True
1366,False
7690,False
2435,True
5484,False
7191,True
4403,False
2969,True
1816,False
8352,True
5968,True
1368,False
5020,True
6056,False
5628,True
8256,True
4130,True
7314,True
7117,True
741,False
4312,True
5213,True
6758,False
6457,True
2517,False
5186,True
6320,True
1218,False
1225,False
3735,True
7488,False
2354,False
120,False
2712,False
4884,True
215,True
4518,True
3271,False
4180,True
7138,True
2100,False
3745,True
5232,True
4386,False
1972,False
5456,True
5932,True
7521,True
3855,True
5292,False
3408,True
2861,False
5076,False
2586,False
1079,True
1316,False
4388,False
1043,True
8435,True
774,True
5672,True
5768,True
6315,True
2328,True
241,False
1702,False
8450,True
6118,False
1872,True
3281,True
5745,True
6081,True
1201,False
1463,False
2034,True
8404,False
4889,True
4934,True
7959,True
6275,True
2424,True
735,False
4975,True
3255,True
6837,True
6470,True
1818,False
308,False
8650,True
4123,True
3644,False
4021,True
6689,False
7120,True
1539,False
234,True
5675,False
806,False
5804,True
4684,True
1339,False
5861,False
1014,True
6200,True
7299,False
6363,False
647,False
1001,True
4828,True
1711,True
5608,True
165,False
7567,False
2286,False
3369,False
4025,True
1484,False
4541,False
8593,False
2197,False
5980,True
87,True
6441,True
3026,True
1739,True
1018,True
5571,False
357,False
7395,False
4736,False
5146,True
6723,False
1058,False
3666,True
5008,False
1357,False
6771,True
1165,True
2688,False
4466,False
2085,False
931,False
6435,True
4940,False
831,False
3277,False
6768,True
7445,False
1497,True
8015,True
3280,True
29,False
3119,False
2090,False
2492,True
5977,True
7421,False
1383,False
4115,False
7644,True
2676,False
5535,True
1980,False
51,True
8064,False
1589,True
2843,True
4941,False
736,True
5497,True
8279,True
4437,False
5948,True
6652,True
2023,True
2877,False
2732,False
5816,True
6847,True
8670,True
4495,True
3133,False
879,False
6349,True
2627,False
7963,True
1033,False
3585,True
6164,False
2526,True
6361,False
1509,False
6060,True
3062,True
2726,False
6893,True
4793,True
5541,True
2118,True
3675,False
2550,False
4324,False
361,True
3132,True
582,False
8290,False
6490,False
7394,False
4860,False
2706,False
1992,False
7440,False
2920,False
1547,False
7115,True
5720,False
4236,False
5830,True
2814,False
3390,True
7437,True
6418,True
3310,True
6232,True
5233,False
7669,True
5313,True
351,True
6860,False
1267,True
5971,False
7388,False
8305,True
4457,False
6008,True
629,True
6749,False
4711,False
3453,False
6213,False
1188,True
639,False
4306,True
2453,True
4329,True
8136,True
1411,False
3805,True
8022,False
1258,True
231,False
8197,True
8223,False
287,True
4788,False
1753,False
2569,True
337,True
6307,False
7866,False
6303,True
7594,False
7590,True
3530,True
6444,False
235,False
5538,False
3831,True
7606,True
3697,False
242,False
4359,False
3167,False
5609,False
3044,False
3112,True
1217,True
3964,False
7012,False
6448,True
7285,False
1475,False
8270,True
7995,False
3894,True
3298,True
8017,False
3391,True
4161,False
5218,False
370,False
345,True
7162,True
6542,True
6427,True
940,False
1435,False
5148,True
1227,False
1131,True
4963,True
4987,True
8070,False
7687,True
7462,True
1500,True
5646,False
7713,True
4643,True
2973,False
1887,False
584,False
76,True
6615,False
2364,True
5466,True
7735,False
2154,True
1507,True
2352,False
7383,True
5933,True
5087,False
2750,True
7154,False
7611,False
2408,True
7214,False
2849,True
4652,True
3795,False
7788,False
7981,True
108,True
7156,True
7219,True
4285,False
996,False
7466,False
7607,False
8363,False
7889,False
3528,False
4519,False
1838,False
4002,True
5478,True
596,True
4516,True
5953,False
7762,False
5057,False
6034,True
7880,False
5085,True
4989,True
3822,True
4327,False
1467,False
5480,False
5549,True
1965,True
3465,False
7190,False
3089,True
8480,False
5895,True
4465,False
5472,True
6533,True
837,False
2340,False
3237,False
7093,True
6452,False
3279,True
6137,True
8496,False
2966,False
3951,True
2600,False
2669,True
317,True
7037,True
4681,False
2790,False
4677,False
6582,False
2592,True
4424,True
2175,True
380,True
761,True
5112,False
7374,True
956,True
4990,False
3917,True
3827,False
3461,True
1750,True
1904,True
5589,False
3575,True
8094,True
3941,True
8370,False
2338,True
1553,False
5733,True
1364,False
1200,False
5867,True
8582,False
3887,True
5276,False
1378,False
6346,False
7265,False
4174,False
4622,True
6604,True
7305,True
7636,False
7878,False
2552,False
3341,True
7731,False
714,True
703,False
2163,False
7605,True
4500,True
8110,True
3023,False
4479,True
606,False
6486,False
6474,False
7345,False
3118,True
368,False
3053,False
5002,False
1678,True
565,False
6831,False
5121,True
2446,True
915,True
1632,False
6638,False
2673,False
57,False
835,False
554,True
2448,False
5151,True
4872,True
926,False
4790,True
2737,True
8531,False
3387,True
250,True
7293,False
6781,True
5308,True
3776,True
5697,False
7119,True
2450,True
7365,True
1626,False
1765,False
7784,False
6786,True
1784,True
3664,True
3052,True
8399,False
2167,False
6767,False
4874,False
8430,True
4581,True
4804,True
8240,True
5254,True
1242,True
1483,False
4729,True
7289,False
5731,True
8665,False
7527,True
6642,False
939,True
6683,False
2410,False
903,True
4640,False
4877,False
1666,True
1726,True
6766,False
7149,True
815,False
1450,False
2684,True
7105,False
4789,True
6094,True
1192,True
6154,True
5567,True
257,True
4474,True
4611,True
7155,False
7124,False
7079,False
1817,False
3722,True
1116,True
5728,True
3906,True
1107,True
6472,True
993,True
8599,False
2596,False
811,False
1542,True
4464,True
2606,False
4438,True
4686,True
5661,True
2945,False
3546,False
3067,True
102,True
1154,False
2105,True
1248,False
1424,False
6829,True
6049,False
8367,False
2963,False
3888,False
5689,False
5716,False
7827,True
5534,True
7070,True
8440,True
3678,False
6969,False
3088,False
1644,False
5669,False
6619,False
8491,False
504,True
721,False
8308,True
7255,True
4367,False
2331,False
293,False
1259,False
2573,False
8209,False
2423,True
1565,False
4807,False
5089,True
8151,False
6069,True
5425,True
2403,True
7435,True
5776,False
4724,False
8162,True
6839,False
5695,True
5300,False
3343,True
8507,False
5930,False
7697,False
7851,False
2846,True
4678,True
2952,False
3169,True
897,False
2641,True
7292,True
1603,False
8428,True
3943,True
6639,False
6268,False
6667,True
1928,False
2662,False
4234,False
2413,False
752,True
323,False
5382,False
7205,True
8658,True
1137,False
2089,False
7524,True
5564,True
1642,True
2433,False
5282,True
7763,False
1245,True
840,False
1312,True
6314,True
7633,False
2530,True
2789,False
8567,False
8347,True
1468,True
7892,False
1569,False
8394,True
1970,False
750,False
4646,False
5271,False
8501,False
1843,False
6380,False
8116,False
8054,False
3856,True
7787,False
8306,False
5198,False
6573,True
7216,False
5854,True
3380,False
1289,False
991,False
8335,True
8264,False
1506,True
5785,False
6125,True
7330,True
4688,False
1319,True
3363,False
3006,True
7456,False
3707,False
6577,False
1733,False
8280,True
4674,False
4621,True
4127,False
1213,True
2489,False
2701,False
1207,True
2136,False
1819,False
4384,False
6775,True
381,True
3982,True
2658,True
6516,False
4634,True
1101,True
569,True
1597,False
1252,True
3627,False
1727,True
6966,True
8257,False
3867,True
1954,True
3077,True
1160,True
6698,False
8565,False
8185,False
6583,True
3170,False
829,False
5033,False
6519,True
8654,True
6818,True
7236,False
5448,False
6765,False
2494,False
4825,True
1118,True
2084,True
7375,False
1748,True
5094,True
8374,False
127,True
4635,False
5691,False
3886,True
7178,True
1913,False
2055,False
3995,False
6153,True
4098,True
7396,True
1313,False
5023,True
7291,False
7287,False
7898,True
275,False
2925,True
7738,False
160,True
1030,False
3681,False
2144,True
6673,True
8036,False
6864,True
909,True
3731,True
1465,True
4120,False
4230,True
7873,True
7904,False
2139,True
1109,True
3901,True
4238,True
6878,False
7979,True
2478,True
419,True
7790,True
2746,True
8364,False
1017,False
6617,False
2776,True
2226,False
947,True
1799,False
7942,False
7934,False
46,False
7670,False
441,False
7664,False
2458,False
8316,False
4015,False
5220,True
519,False
4817,True
4887,False
5242,False
2216,True
3990,True
2642,False
2266,False
8159,False
6907,False
4336,True
2566,True
3647,True
3002,False
2301,False
8615,True
7897,False
3223,True
710,False
474,True
1979,False
6971,True
2006,True
2381,True
4108,False
7706,True
1585,False
620,False
598,True
3267,True
3401,True
6593,False
6229,False
7009,True
5298,False
6476,False
4943,True
3437,False
7591,False
2208,True
3573,False
2696,True
3400,True
973,False
352,False
6237,True
1351,False
5605,True
6046,True
316,False
5201,True
3290,False
8171,False
5719,True
5409,False
2051,True
2576,False
7150,True
4868,True
7652,True
2797,False
7323,True
1326,False
4616,True
8378,False
2042,False
1622,True
2334,False
5447,True
311,True
1891,False
8642,False
560,True
3143,True
2804,False
2464,False
3034,False
3296,True
5436,True
4700,True
4357,True
759,True
5710,False
2575,True
2064,False
8412,True
457,True
1538,False
2355,True
149,False
1219,False
3848,False
1924,True
4491,True
8470,False
4607,False
4494,True
283,True
1878,False
5823,False
8260,False
3454,False
6524,True
8085,False
8590,True
4322,False
4708,False
2993,True
3656,True
3103,False
1401,False
230,False
1690,False
1650,True
5826,True
851,False
1388,True
6517,True
6946,True
6659,True
6707,False
77,True
2158,False
8606,True
6686,False
4576,False
85,False
8596,True
695,False
1029,True
7296,True
5359,True
6246,True
2799,False
1437,False
8494,True
3925,True
4920,True
8429,True
1921,False
3304,False
3921,False
4726,True
7019,True
2288,True
7494,False
7909,True
6422,True
6651,True
5368,False
7647,False
482,True
2046,True
3484,False
4451,False
6928,False
2278,True
6392,False
7282,False
6701,False
6636,False
1078,False
3691,False
7655,False
6515,False
4436,False
2075,True
3181,True
3577,True
3377,True
717,True
4811,False
1042,True
3134,False
5006,True
7924,False
5101,True
6727,False
521,False
3157,False
5939,True
4096,False
8562,False
392,True
2275,False
4415,True
2826,False
8333,True
2915,False
7861,False
8073,False
4996,True
4615,True
6614,True
5945,False
8621,False
3709,True
7171,True
1055,False
658,False
1472,False
3788,False
7081,True
593,True
4349,True
2921,False
568,False
6780,True
5173,False
3620,False
4467,False
3563,False
2525,True
2369,True
2734,False
8066,False
5051,True
5062,False
4557,True
143,True
7403,False
7927,False
4032,True
945,True
7341,True
4690,False
1135,False
82,True
6038,True
2578,True
8467,True
8106,False
8137,False
5284,True
8459,False
8253,True
8361,True
2232,False
5794,True
6002,True
1396,True
7581,False
290,False
1233,False
5207,False
4779,True
3057,False
7894,False
4125,True
4151,True
988,True
3692,True
5310,False
4172,True
1590,False
2349,True
8254,False
5345,False
7639,False
1309,False
8055,True
3334,True
464,False
4439,True
1198,True
5757,False
7604,True
6297,False
4781,True
7340,False
7267,True
6278,True
3051,False
7566,True
773,True
5139,True
3784,False
2339,True
475,True
6062,True
7609,False
6358,False
6257,True
3489,False
6536,True
4719,False
1257,True
5446,True
652,True
5106,False
7785,False
838,True
4347,True
5843,False
1647,True
7667,False
6010,False
4532,True
8688,False
2549,True
8371,False
5893,True
7199,True
2986,True
7051,False
3771,False
3246,False
1939,True
8396,False
4619,True
1780,True
7999,False
4155,True
6039,True
4350,False
109,True
8161,False
3,False
7212,False
6074,False
1728,False
5407,True
8618,True
5802,True
6325,True
4099,True
4945,True
1023,False
5118,False
3981,False
2234,False
3455,True
7733,False
6112,False
8643,True
8560,True
1577,False
7930,True
5324,True
1292,False
7143,True
1480,True
1391,False
7798,True
1189,False
8449,True
6977,False
534,True
1743,True
4836,False
804,True
513,True
3733,False
5783,True
783,True
529,False
6388,False
4797,True
7949,True
8401,False
1300,False
2419,True
7874,True
5828,False
5304,False
8148,False
421,True
3273,True
7303,False
4269,True
169,True
7034,True
7618,False
5536,False
4198,False
5316,True
6254,True
2147,False
5431,False
5664,False
4783,True
5676,True
5114,True
355,False
6356,True
1570,False
2808,True
4556,True
1268,False
498,True
373,False
3122,False
7760,True
4663,False
4620,False
8602,False
2441,False
263,True
2078,False
7617,False
104,False
8327,True
6302,False
4929,True
8366,True
4189,False
339,True
8410,False
4609,False
6485,True
3555,True
6814,False
2428,True
1459,False
6962,False
313,True
4593,True
4062,True
3612,True
4723,False
6581,True
6788,False
8385,False
321,True
7975,False
3611,False
7951,True
6212,False
932,False
6190,True
7122,True
5127,True
5367,True
3899,True
505,False
3501,True
1148,False
4101,False
2362,False
5154,False
7544,True
7573,False
2245,True
3935,True
1066,True
7842,True
6489,False
4421,True
5225,False
6601,False
7550,True
3114,False
624,False
2209,True
3367,True
6948,True
7976,False
403,False
7207,True
6182,False
5066,True
3047,True
1170,False
5582,False
571,False
2426,False
648,False
207,False
2065,True
7832,False
7867,False
3624,True
7139,True
8008,False
1451,False
7209,False
2281,False
4667,True
904,False
458,True
5866,True
4582,False
2178,True
3028,True
4697,True
1462,True
6143,False
8322,False
1583,False
4715,True
2840,True
6951,False
6409,True
3321,True
543,True
3345,False
2477,False
6968,False
2346,True
3093,True
7998,True
8591,False
3862,False
8686,False
2815,False
6018,True
1338,False
8597,False
664,True
813,True
5799,True
8140,True
1637,False
2709,True
7168,True
7589,False
8551,True
5837,False
202,True
925,True
3311,False
965,False
1028,False
8586,False
7642,False
4939,False
2463,True
6555,True
6588,True
8657,False
4106,True
1430,False
2261,True
371,False
2191,False
4414,True
8077,True
3285,True
7141,True
1713,True
7415,False
2700,True
4959,True
604,False
3447,True
3756,False
1804,True
3203,True
447,False
2192,True
7372,True
6075,False
3379,True
7782,True
3502,True
890,True
7862,False
3725,False
2751,False
8541,False
5586,False
6450,True
5187,True
887,False
388,True
823,False
756,True
7386,True
7776,False
2588,False
2486,False
1009,False
1937,False
4078,False
5761,True
5574,True
4654,False
933,False
2759,True
1393,True
5831,True
440,True
7336,False
6739,False
7671,False
4617,True
1643,False
305,True
4395,True
79,True
552,False
107,True
1769,True
3768,True
2244,True
983,False
4206,False
6285,True
2703,False
628,False
8405,False
810,False
166,True
7071,True
6570,True
6113,True
3824,True
5072,False
3257,True
3180,True
7033,True
8456,False
4224,False
617,True
7242,False
720,False
4003,True
4343,False
4668,True
3601,True
1384,True
113,False
6308,True
5199,True
6599,False
3957,False
2876,False
1499,True
1271,False
8471,False
1129,False
298,False
4930,True
5841,True
3672,False
1270,True
8142,False
3385,False
1673,False
4602,False
8275,False
5260,False
7778,True
4060,True
719,True
4229,False
7877,True
2081,False
8513,True
8016,True
2169,True
4226,True
6032,True
7729,False
2181,True
42,False
6537,False
2753,False
2112,False
375,True
8424,False
1223,True
7254,True
2672,False
8172,False
4034,False
1059,True
3652,False
152,True
4020,True
7170,False
4077,True
5671,False
3115,True
3410,True
1968,False
7535,True
5103,False
4716,False
5952,False
3160,True
4301,False
8025,False
2493,True
7745,False
7342,False
2316,False
6084,True
8338,False
5683,True
1104,False
8592,False
2648,True
8046,True
6216,False
1071,True
2206,True
3303,False
4573,True
3140,True
3471,False
1777,False
5335,True
5067,False
863,True
8102,False
6730,False
5012,False
2890,True
1803,False
402,False
4702,False
8216,True
743,False
2508,False
8652,True
5443,True
6139,False
18,True
62,True
3017,True
1619,False
1144,False
4725,False
3927,False
5399,False
2063,False
7518,True
2022,True
7699,True
7978,False
3346,True
2407,False
3851,False
5663,False
6207,True
7295,False
2856,True
8637,False
2066,False
6247,False
3952,True
178,True
7411,True
7580,False
4507,True
3967,True
180,True
6183,True
4837,True
2694,False
5636,True
6904,True
6426,False
3436,False
4653,True
5266,True
7563,False
6888,False
4190,False
5004,True
3084,True
6211,False
6293,False
252,False
1797,True
1064,True
5801,True
172,True
4747,False
3070,True
562,False
8163,False
4286,False
839,True
5835,False
4486,True
7080,True
900,True
2361,False
3544,False
7916,False
7370,False
591,False
1687,True
1544,False
2468,False
8411,False
7538,False
7646,False
3327,False
4364,True
7447,True
724,False
6821,True
1823,False
1718,True
8530,True
8263,True
5441,True
6976,True
7899,False
5348,True
2924,True
867,False
1582,False
2314,False
4282,True
5847,True
4614,True
4363,True
8075,False
5641,True
5623,False
281,True
6605,True
1117,False
5758,True
1431,False
1082,False
6131,False
1069,False
3902,False
3197,True
5593,False
7023,True
4759,False
6494,False
5021,False
5815,False
2731,True
6805,True
2771,False
2761,False
2767,True
1923,False
5234,True
8265,False
8453,False
7623,True
4031,True
8451,False
4024,False
6011,True
3092,False
6101,False
8532,False
6681,False
5470,False
6132,False
4982,False
3312,True
2252,True
7444,False
7767,True
5937,False
7961,True
2519,True
4661,False
5113,True
1581,False
6375,False
1226,True
3384,True
4721,True
1086,True
3973,True
5429,True
3383,False
1098,False
6468,False
7135,True
4449,False
3146,True
8019,True
8612,False
6138,False
8422,True
2366,False
767,False
8603,True
6724,True
6592,True
2697,False
3325,True
2681,True
6429,False
4475,False
2885,True
3683,False
8341,True
4578,False
5483,False
2180,False
3787,True
7577,True
7028,False
3468,False
2153,True
3910,True
8617,True
5149,True
7078,True
2536,True
5312,True
8120,True
846,True
6286,True
7896,False
872,False
1229,True
221,True
3676,False
5934,True
3106,False
6455,False
1249,True
4392,True
4400,True
4754,False
6193,False
1324,True
7161,False
4308,True
5108,False
7668,True
3286,False
1518,True
6064,False
2941,True
6693,False
2258,True
8217,False
344,True
139,False
8293,False
6462,False
8640,True
45,True
382,False
5299,False
1576,False
2394,True
159,False
1140,False
787,True
601,True
2803,True
8497,True
8372,True
6493,False
5724,False
5827,True
5700,True
7960,True
8206,True
803,True
1346,True
6095,True
3621,True
6841,False
6778,True
3818,False
1138,False
6867,True
8276,False
4051,True
4263,False
24,True
6982,False
7610,False
4201,False
495,False
7724,True
934,True
8320,True
4676,True
3438,True
7108,False
103,False
2488,False
5707,False
532,True
1303,False
7777,False
4045,True
3087,False
4354,False
637,True
6993,True
2660,False
4776,True
2052,True
4360,False
531,True
6157,False
6657,False
2854,True
6417,True
3874,False
8634,True
449,True
7665,False
427,True
4445,True
3603,False
1199,True
657,False
1628,True
3233,True
8124,True
5619,False
8538,True
2995,False
3232,True
7485,True
4256,True
7863,False
5214,False
3229,True
6336,True
2862,True
2574,False
5050,True
4626,True
1854,True
4081,True
4443,False
6553,True
832,True
3950,True
2940,False
5168,True
3481,False
2719,False
7910,False
1051,False
8437,False
1380,False
5491,True
7464,True
6031,True
4818,True
8194,False
4734,True
4249,False
8559,False
5332,True
6695,False
6559,True
2405,True
4348,True
2249,True
7812,True
5898,False
3442,False
2704,False
6256,True
2532,False
35,True
1110,True
7182,True
6970,True
6248,True
3152,False
5784,False
4665,True
3893,False
7692,True
330,True
7505,False
2096,True
3979,True
1621,False
8417,True
5995,False
6030,False
2371,True
6029,True
7815,False
8232,False
4775,False
2149,False
4827,False
7237,False
1855,True
5617,False
1535,True
1676,False
4548,True
3789,False
5778,True
7519,False
7454,True
376,False
3835,False
1381,False
1802,False
3915,True
1332,False
576,True
4016,True
1689,False
2620,False
6035,False
3342,True
792,True
7316,False
5482,True
2623,False
7958,False
1721,True
1100,True
256,True
7356,True
324,True
6963,False
3278,True
7427,True
5519,False
2138,False
6242,True
2246,True
179,True
4502,True
1062,True
4442,False
6783,False
7238,False
1839,False
8578,True
7107,True
7495,False
1221,False
6355,True
1025,False
2631,False
4682,False
7385,False
8373,False
5095,False
841,False
5792,True
7279,True
2179,False
5775,False
5562,True
6319,False
6764,True
2479,False
4612,False
6058,True
117,False
1752,False
7525,False
1579,False
38,False
1453,True
5551,False
1256,False
2568,False
5486,True
6809,True
5769,True
8288,True
5793,False
3485,True
8200,False
8608,False
3712,False
6753,False
6508,True
2031,False
1464,True
4742,False
3449,True
2855,False
1471,False
627,True
7137,False
6560,True
448,False
1375,False
2970,True
7814,False
1180,False
2202,True
6834,True
153,False
8298,True
3315,True
570,True
8294,True
7245,False
2270,True
8659,False
1126,False
5721,False
3747,False
2280,True
7728,False
6785,False
6756,True
3234,True
930,False
7833,False
8620,True
7612,False
2341,False
856,False
1617,False
6842,True
674,True
2106,True
4730,False
5241,False
6574,True
335,False
3432,False
4892,False
1123,False
2539,False
2928,True
6678,True
6933,True
1477,True
4412,True
3306,False
3066,False
2874,True
3104,True
5978,True
8413,False
6650,False
4917,False
8666,True
5910,True
6404,False
2227,True
4638,True
1813,False
2135,False
3111,True
4069,True
6579,True
3509,False
5485,True
6870,True
6643,True
6100,True
4330,True
6179,True
802,True
6528,True
689,True
3597,False
6274,True
4116,False
8112,False
7831,True
6204,False
2725,True
8486,True
3953,True
6943,False
7825,True
4604,False
8058,True
1093,True
278,True
8158,False
2284,False
7551,True
7022,False
1436,False
7042,False
1000,True
791,True
4007,True
954,False
8334,False
6105,True
2442,True
2557,False
6641,False
1212,False
7132,True
2429,False
3639,False
2638,True
5805,False
6264,False
6423,False
4044,False
1164,False
7298,False
5523,True
4613,True
4832,True
4603,False
7952,False
2988,False
5488,True
5507,True
1660,False
7003,False
1216,True
6499,True
7637,False
7946,True
460,True
4273,True
2510,False
5842,False
7926,False
391,False
1594,False
7460,True
6059,True
5597,False
545,False
8030,True
3398,False
502,True
3781,True
6584,True
763,True
8028,True
1026,True
6053,True
7094,False
843,True
4243,True
2598,True
2784,True
5219,False
7540,False
8446,True
3968,False
1034,True
5904,False
8684,True
6845,False
5621,False
2233,True
3219,False
2956,False
8091,False
3037,True
1888,True
2802,True
1284,False
8004,False
8610,True
2981,True
2358,False
5796,True
4402,False
3976,True
6627,False
6456,True
4752,False
4244,False
3891,True
5502,True
1295,False
8129,False
6114,True
1002,True
265,True
5612,False
3335,False
7333,False
4184,False
2901,True
770,False
312,False
6710,True
5732,True
4394,True
3074,True
8660,False
1788,True
3444,False
6733,True
3836,True
6793,False
6802,False
1768,False
7013,False
870,True
5226,False
72,True
8130,False
1434,True
7476,True
8168,False
8003,False
2603,True
5496,True
3131,False
3599,False
6111,True
4695,False
4240,True
5333,True
8023,False
6874,False
669,True
6387,True
7268,True
7014,False
2319,False
694,False
285,False
2728,False
4471,False
7719,False
272,False
5342,False
2652,False
6252,True
1574,False
4268,False
3844,True
6591,False
3878,True
6187,False
4033,True
3870,True
5392,False
3450,True
3797,True
3282,True
1770,True
268,True
7653,False
303,True
2908,True
3687,True
6240,True
7954,True
3865,False
3610,False
1482,False
2080,False
1680,False
1836,False
753,True
6185,True
1981,False
782,False
8661,False
3885,True
8490,False
928,False
2317,True
8463,True
1558,False
3628,True
631,False
2632,True
609,False
6954,True
5065,False
100,False
2073,True
423,False
4866,True
2516,False
6520,True
2938,False
6734,False
1584,False
7381,True
7500,True
5698,True
2780,False
3309,True
2398,False
5330,False
3291,True
4152,True
6791,False
6819,False
7024,True
1790,False
2899,True
365,True
1523,True
4515,True
5373,True
7391,False
6938,True
1964,False
4038,True
1867,True
4737,True
4331,True
255,True
1677,False
8126,False
2324,False
4979,True
4570,False
3531,True
981,False
8687,True
8553,True
251,False
5389,True
3852,True
963,False
2987,True
318,True
492,False
5169,False
5974,False
6918,False
7847,True
600,False
8233,True
8213,False
1955,False
1365,False
6194,True
950,False
7181,False
1250,True
8518,True
147,False
5926,True
972,False
6099,False
7793,True
3030,True
4088,True
1534,False
2482,False
2325,True
7473,True
5888,False
1901,False
5813,True
1142,False
282,True
5966,False
5990,False
5123,False
1925,True
6312,False
8319,False
2832,False
8113,True
6405,True
2533,True
2173,False
7996,True
5951,True
693,False
2141,False
2228,False
6558,True
885,True
7311,False
6770,False
8489,True
615,False
1844,True
1977,True
5873,False
4450,True
3909,False
1821,False
8285,True
5557,False
3810,True
1011,False
5439,False
6998,False
3715,False
6251,True
8344,False
3986,False
5988,False
4417,False
5393,False
1184,True
7997,True
8069,False
2182,False
5278,False
7048,False
1191,False
1835,False
478,True
608,False
801,True
5120,True
6679,False
7758,True
1479,True
8528,False
3907,True
1794,False
471,True
3763,False
7198,False
3705,True
5215,False
6720,False
1957,False
1204,False
261,False
3947,False
6875,True
4743,True
3080,True
2009,False
3596,True
8272,True
1108,True
4094,False
7397,True
7434,False
8337,False
5993,True
431,False
8231,False
184,True
123,True
2744,True
1214,True
1406,True
4183,False
896,False
1705,False
5061,True
3993,False
8570,True
6545,True
7151,False
5073,True
6096,True
3360,True
2853,True
984,False
94,False
7746,True
4423,True
1706,True
366,True
7703,True
5760,True
2729,True
271,True
4960,False
3550,True
4651,True
1427,True
6433,False
1587,False
4750,True
597,True
8211,True
6140,False
1379,True
5027,False
6438,False
5476,True
5972,True
6436,True
456,True
1833,True
5542,True
243,False
21,False
3427,True
6467,False
319,False
635,True
6184,False
3794,True
451,False
5320,False
3748,True
518,True
6339,True
8081,True
6692,True
7157,True
3293,False
6594,False
6953,True
1947,False
6556,False
3751,False
5575,True
2873,True
2386,False
2955,False
8050,True
254,True
5809,False
6335,True
7491,True
798,False
506,False
7570,False
7234,False
2947,False
4389,True
2359,True
5739,True
8574,True
4328,True
455,True
5273,False
7774,False
7956,False
3922,False
183,False
5419,True
564,False
5487,True
1345,True
6385,False
4089,False
7533,False
7915,True
7888,True
961,True
5323,False
3838,True
4971,True
7553,False
5652,True
6033,False
8517,False
4597,True
3743,False
7945,False
2577,False
679,True
1049,True
8680,True
7084,False
5418,False
817,False
7648,False
5221,False
294,False
535,True
224,False
7826,True
4846,False
417,True
7829,True
7474,False
7962,False
2736,True
860,False
4080,False
4431,True
7186,False
5834,False
1532,True
8154,False
6174,False
2289,True
3587,True
3254,True
7261,False
893,True
8550,False
6262,False
3183,False
1744,False
4767,True
4988,True
1080,False
5133,True
7808,False
4897,False
6761,False
4326,False
326,False
1625,False
4537,False
1404,False
7,True
6142,True
8583,True
4275,False
3064,False
2130,False
2415,False
7197,True
7555,False
5098,True
7685,True
4985,False
6852,False
7662,True
2708,False
5452,True
3364,True
7313,True
5190,True
1984,False
6708,True
2721,True
7700,False
5155,False
5063,False
5421,True
4976,True
524,True
2256,False
5780,True
2431,False
2471,False
1841,True
5156,True
2766,False
5824,True
6815,False
578,True
7557,False
2097,False
3065,False
1563,True
3918,False
8502,True
4535,True
4144,False
443,False
8074,False
4950,True
4185,False
1173,True
4588,True
3820,False
2086,False
4248,False
4283,True
2068,True
3864,False
7582,False
1521,False
4398,False
4756,True
450,False
4848,True
6653,True
540,True
6267,True
2036,False
8631,True
6889,False
6087,True
8234,True
8289,False
2512,False
3708,False
7507,False
2833,False
2204,True
8317,True
796,False
2781,False
6149,False
6989,False
5119,False
5504,False
3662,False
3889,True
1934,True
4512,True
3561,False
5840,True
3919,False
5680,True
7675,False
5817,False
7864,True
5944,True
6366,True
3204,False
2625,True
563,False
2329,False
2892,True
6549,True
5560,False
28,True
3302,True
8083,False
7266,False
833,False
8267,True
5662,False
7757,True
744,True
1932,True
3755,False
70,True
4014,True
807,True
2621,False
2399,False
1519,False
4141,False
6774,True
2562,True
7382,False
1334,False
6779,False
7994,True
6158,False
3834,False
7059,False
6626,False
125,True
7294,False
5490,False
7516,False
6061,True
2633,True
8457,True
5136,True
4806,True
3944,True
7941,False
4126,False
5618,True
3117,True
1460,True
5374,True
5197,True
1186,False
3239,False
3700,True
7335,False
7660,True
3228,True
5957,True
2738,False
3595,False
6611,True
5035,True
6199,True
4401,True
2389,True
5965,True
8380,True
8060,True
1653,True
1240,False
2559,False
7656,False
3091,True
4429,False
6958,False
4727,False
3395,False
3651,True
6718,False
7902,False
5677,True
4411,False
7740,True
2414,False
3665,True
3251,True
8312,True
3739,False
3416,True
7140,True
3068,False
2689,False
8218,True
7918,True
2825,False
1301,True
333,False
310,False
2829,False
8269,False
5432,False
4856,True
3942,False
6959,False
6696,False
5787,True
1169,True
3826,False
6807,True
7017,True
1264,False
1950,True
4480,True
6644,True
708,True
8387,True
3107,False
8271,True
8601,True
6986,False
6547,False
4731,False
4569,False
2933,False
2177,True
2589,False
5415,False
1236,True
4055,False
5505,True
5384,True
5639,False
5193,True
7321,False
1645,False
462,False
2682,True
6447,True
7280,False
1707,False
2582,False
5454,True
4097,True
8182,False
722,True
7503,True
420,False
4766,False
969,True
5469,False
5838,True
1578,False
6121,False
6037,False
1623,False
8646,False
6656,False
8096,True
4058,True
8061,True
5561,False
7929,False
2108,True
2971,True
5969,True
8249,False
4545,True
8675,True
862,True
7982,False
36,True
1522,True
2547,True
6782,False
3245,False
7224,False
1494,True
882,False
4311,False
8301,True
729,False
2274,False
4186,False
5670,True
2965,False
4159,False
8511,True
8656,True
3861,False
111,True
7225,True
3378,False
4704,False
4875,False
2053,False
509,False
2385,False
7232,True
3830,False
4265,True
6288,True
5022,True
953,True
7300,True
6994,True
4137,False
19,True
2495,True
3009,False
3726,True
2897,True
1208,False
2350,False
3099,True
3579,True
2763,True
5544,True
1630,True
2907,True
751,False
1263,False
6166,False
1781,True
1072,True
7562,False
4986,True
5366,False
6909,True
4627,True
908,False
4407,True
4413,True
1580,False
3275,True
3615,True
6705,False
197,True
2436,True
469,False
1696,False
5172,True
1990,False
3059,True
8354,True
4153,False
5369,True
700,False
6129,True
3504,True
6719,True
7568,False
1989,True
3190,True
5479,True
6587,True
1321,True
1529,True
7542,False
5137,True
4539,True
2038,False
5126,False
7923,False
6532,True
7053,True
6372,True
4904,True
435,False
1005,True
1299,True
1474,False
4112,False
97,False
4641,True
2472,False
5573,True
2271,True
998,False
4935,True
2838,True
8053,False
3710,False
1856,False
7006,True
8068,False
1239,False
8302,True
3955,False
6820,False
5518,False
4489,True
1342,False
2710,False
4446,True
8186,False
3849,True
1443,True
5516,False
1536,True
898,False
6400,True
1559,False
1060,True
7957,False
5455,True
110,False
6891,True
7783,True
4660,True
3220,True
1866,True
8556,False
6334,True
5202,False
8431,False
5337,True
2501,True
3116,True
40,False
6572,True
7387,False
1607,False
3174,True
2779,True
4732,True
746,False
2219,False
7065,False
4346,True
7806,False
6396,True
6836,False
8228,True
304,True
1444,False
5862,True
8466,True
7063,False
2664,False
6529,False
1988,False
6155,True
5782,True
8109,True
3418,True
7188,False
3145,True
5025,True
4397,False
1275,False
3149,True
6399,True
7547,False
5631,True
6136,True
2304,False
2327,True
1683,False
2542,False
6797,False
5396,False
4169,True
336,False
6159,True
727,True
4709,True
413,True
5624,True
3231,True
3860,False
5442,True
8503,False
3063,False
3347,True
6410,False
7324,True
3048,True
1421,True
2984,False
4160,False
6048,True
2212,False
223,True
6231,False
2247,True
188,True
7233,True
3018,False
3912,True
3685,False
1691,True
2290,False
8488,False
7514,False
5533,True
1787,True
4158,False
260,True
4433,False
2889,True
1810,True
3556,False
8350,True
329,False
8461,False
6459,True
5882,False
7510,True
3429,True
5576,False
8323,False
5158,True
2917,False
8332,True
7478,True
6811,True
3381,False
4010,True
3198,True
4133,True
8384,False
3569,False
8627,True
1354,True
5916,True
3264,False
7868,False
6214,True
4175,True
2140,False
7528,True
3265,False
5774,False
2344,True
5433,False
1812,False
7732,False
6284,True
3005,True
93,True
5917,True
3224,False
5611,True
6531,True
8563,False
8549,False
7166,True
2122,True
6956,False
7278,True
7937,False
2879,True
6637,False
4404,True
7210,True
4408,False
1266,False
6906,True
6623,True
3199,True
7276,False
7592,True
4246,False
6941,False
2610,True
1414,False
3161,False
4427,False
3727,True
6825,True
6747,False
2365,False
2974,True
7362,True
3194,False
5877,True
481,True
4102,False
8184,False
338,False
2820,False
8368,True
6241,True
1648,False
5912,False
6177,True
5800,True
6463,False
349,False
3883,False
1906,False
7258,True
6603,True
2787,False
3055,False
1228,True
4561,False
1545,False
2194,False
7709,True
8427,False
4178,True
1389,True
5752,True
132,False
6055,True
7545,False
1873,False
8292,True
828,False
8048,False
1546,True
1440,True
4452,True
3759,False
5223,True
8641,True
7657,False
2554,True
8178,True
6988,False
866,True
4679,True
4472,True
5017,True
868,True
6666,True
3847,True
5188,True
8005,True
8426,False
5295,False
3600,True
2663,False
2992,False
3517,False
6146,True
5545,True
3411,False
2954,False
5326,False
6327,True
6660,True
1560,True
7392,True
54,True
547,False
8040,False
731,False
7715,False
1889,True
7018,True
6635,False
5036,True
6348,False
8356,False
4165,True
4483,True
3102,False
4536,True
6816,True
3349,False
499,True
6201,False
5080,False
3460,True
5450,True
6491,True
4339,True
5191,False
6908,False
1024,True
8169,True
7399,True
2061,False
7036,False
7919,True
3242,True
2867,True
2905,False
2953,False
8403,False
3422,True
5989,True
642,False
168,False
4289,False
8304,True
3913,True
672,False
2868,False
7310,False
3253,False
2308,False
7497,False
7751,True
7771,False
6300,True
5206,True
436,False
7371,True
3317,False
3370,False
4447,True
3996,False
8614,False
5622,True
4659,False
3374,True
1336,True
1983,False
6042,True
602,True
5750,False
2909,True
7159,True
2220,False
1103,True
4862,False
5563,False
3244,True
6176,True
4870,True
130,True
755,False
4510,True
7061,False
2094,True
3994,False
3557,False
4142,True
379,False
8133,False
4859,False
1892,True
6975,False
1530,True
7819,False
3021,False
7264,False
5181,False
920,False
2949,False
3762,True
2812,False
8504,False
4964,True
8495,False
7420,True
3650,True
411,True
6332,False
4011,True
4281,False
2811,False
5510,True
3698,True
2024,True
640,False
7844,True
7828,False
17,False
7468,False
6936,False
8639,False
2184,False
8438,False
2637,True
1352,True
2691,True
7090,True
196,True
5725,False
4492,False
1959,False
1961,True
7883,False
8648,True
914,False
5250,True
5600,True
653,True
4387,False
4295,False
912,False
3394,True
6367,True
1599,False
7076,True
74,False
6808,True
6397,False
712,False
2665,True
3630,False
2884,False
5620,True
4039,True
2683,False
6475,False
7870,True
8414,False
1615,True
3045,True
6196,False
613,True
1280,True
3205,False
1367,False
2155,False
3783,False
4362,True
33,True
985,True
6004,True
6676,False
4906,False
2850,False
4801,True
575,False
3724,True
8611,True
2675,True
5475,False
6751,True
6885,True
4490,True
5610,True
3604,True
626,True
1807,False
5315,True
2693,False
3832,False
8484,True
8529,False
216,False
5270,False
5941,True
3961,True
776,False
4026,True
8526,False
6738,True
5208,True
685,False
4197,True
6950,False
2113,True
5947,True
7583,True
557,True
5440,True
49,False
2571,True
5723,True
3638,True
3508,True
6571,True
1197,False
610,True
7595,True
6012,False
5749,True
5128,True
2959,False
643,False
2656,False
2538,True
1967,True
1067,True
5950,True
698,True
5648,False
3537,True
7659,True
141,True
994,True
7317,False
8598,True
2910,True
5301,True
3972,True
4944,False
7543,True
8636,True
4173,True
747,True
7848,True
4514,True
6960,True
8314,False
3329,True
3553,False
1496,True
6135,True
2584,False
4430,False
5913,True
5353,True
1826,False
2819,False
6648,False
976,True
6044,False
6313,False
7250,True
7248,True
362,False
1808,False
4835,False
4342,True
6628,True
279,False
2160,False
2131,False
7835,False
7911,True
2972,True
4000,True
5638,True
5011,False
4879,True
4191,False
7679,True
4699,False
5150,False
2817,False
7717,False
1922,False
1255,False
7246,False
8026,False
4720,False
765,False
7231,False
7221,False
5771,True
7482,False
8458,True
2699,False
6806,False
5896,True
656,True
6271,False
4735,True
8454,False
1105,False
4455,True
1915,False
1831,True
5929,True
1996,False
6980,True
6287,True
6340,False
8328,True
6341,True
5568,True
2757,False
4118,False
1412,True
1525,True
8544,True
3958,True
5657,False
4629,True
6210,False
7641,False
4893,False
158,True
6219,False
3989,False
2788,True
7537,True
5290,True
1786,False
2608,True
1982,True
6401,False
7322,False
7989,False
1555,False
3924,True
5138,False
477,True
3969,True
2230,False
2502,False
1903,True
1591,False
8065,False
7678,False
378,True
1880,True
6728,True
4968,True
5763,False
8672,False
4560,True
6833,False
7271,False
2785,False
5742,True
5920,True
1656,False
1670,True
1294,True
2402,False
8117,False
590,True
8485,True
4458,True
3547,True
3701,True
1876,False
4902,False
4675,True
3880,True
2860,True
3690,True
445,True
429,True
533,False
3559,True
3895,True
3029,False
5170,True
1447,True
5552,True
6926,False
5471,True
7016,True
3911,True
2948,False
3518,True
3780,False
5808,False
3746,True
4381,True
7173,False
3959,False
1265,False
5921,True
935,False
2469,False
2470,False
1057,True
2101,False
348,False
292,False
203,False
5401,True
4410,True
7339,False
8391,True
4111,True
34,True
6215,False
5251,True
5825,True
414,True
5064,False
7363,False
3079,False
4605,False
1618,False
3331,True
8235,True
4205,True
572,False
1190,False
8498,True
6916,False
7479,True
4154,True
5540,False
3362,False
7603,False
5319,True
8667,True
4992,False
8309,True
3551,False
1120,False
6995,True
661,True
6052,True
3463,True
6917,False
5678,True
4746,True
2010,False
1410,True
5052,False
3939,False
2747,False
3332,False
8469,True
725,False
1458,True
4972,True
217,False
527,True
3879,True
8389,False
7734,True
7352,True
5327,True
2718,False
2521,True
907,True
2755,False
5356,False
7424,False
2883,False
1304,True
7106,True
6408,True
4369,True
3641,True
556,True
5045,False
3616,True
5872,False
2000,True
4251,False
2218,True
7972,True
4899,True
2015,False
1566,False
106,True
8455,False
6110,False
6910,False
43,False
3490,False
5810,True
2882,False
2076,False
6794,True
7608,False
7900,False
5770,True
6041,True
1858,False
6403,True
4218,True
1372,True
5031,False
4087,True
1654,False
1757,False
3213,True
6488,False
390,True
6621,False
6964,True
1946,True
3218,False
5682,True
6999,False
7823,False
2758,False
5379,False
5884,True
2251,True
6595,False
6477,True
1767,False
2432,True
5668,False
2213,False
3580,True
646,False
5985,True
1693,False
225,False
3914,True
682,True
7631,True
6259,True
3085,True
7613,True
7127,True
2367,True
1686,False
7682,True
3602,True
6607,True
6070,True
7885,True
3404,True
5864,True
5578,True
5294,False
4040,False
5909,True
3307,True
3299,True
8676,False
6742,False
6270,False
322,False
2561,True
7534,False
1740,True
6391,True
6576,True
3540,True
5365,False
5107,False
3791,True
2730,True
2409,False
2739,False
7177,True
5387,False
8236,False
7654,False
1657,False
1737,False
4121,False
8653,True
6460,False
4487,True
170,False
4064,False
6352,True
5166,False
3164,True
2535,True
4562,True
1771,True
5543,True
6790,True
233,False
2462,False
8063,True
2677,False
4810,True
6861,True
3956,False
4980,True
6921,False
2321,True
516,True
3322,True
8045,False
696,True
2343,True
2507,False
4170,True
2863,False
5212,False
3866,False
7130,False
3241,False
1785,False
3082,True
7281,False
580,True
4533,True
7712,True
2335,True
8619,False
5975,False
5556,False
6590,False
4522,True
655,False
1348,True
5601,True
8523,True
470,True
1081,False
8348,True
5377,False
1139,True
6892,True
4057,True
8210,False
3207,True
6915,False
1402,False
5227,True
2360,False
1541,True
280,False
6316,True
5590,False
4849,False
4453,True
1837,True
7571,True
2983,True
4895,True
3774,True
5634,False
1288,False
5734,True
4156,True
4233,False
459,False
4493,False
541,True
4838,True
1153,False
5894,True
3658,False
3151,True
302,False
2847,False
4208,False
5863,False
444,False
4639,True
771,True
5844,True
1614,False
6612,True
1092,False
6479,True
6089,True
5360,True
4685,True
8072,False
8336,True
3130,False
1742,False
6496,True
2459,False
1089,True
6979,True
8132,True
7172,True
7327,False
1527,False
6362,True
6697,False
6817,False
8247,False
4409,True
6292,True
6557,True
1732,True
1054,True
1152,True
1920,False
5756,False
6763,False
8433,False
2851,False
6337,True
5956,False
8105,True
1399,False
3882,False
5753,False
7964,True
3236,False
7759,True
7129,True
2634,True
2666,True
489,True
2384,False
6067,False
428,True
7458,True
4496,False
2515,True
3075,True
6272,True
577,True
2379,True
1775,True
5075,True
1287,True
4970,True
2865,False
3536,True
2939,True
8002,True
706,True
5474,True
7621,True
8128,True
245,True
6192,False
2998,False
919,False
7373,False
6957,False
905,False
6997,False
59,True
6245,False
2976,False
6600,False
678,True
1551,True
1845,False
8415,True
8644,False
6326,False
784,True
621,True
5935,False
2835,False
5265,True
1400,True
5084,False
3929,True
6398,False
1735,False
2745,True
6480,True
4572,True
4124,True
4028,True
114,True
5444,True
594,True
2951,False
2445,False
1488,False
6224,True
8379,True
4900,True
5388,False
5458,True
7651,False
8473,False
6688,False
3877,True
7753,True
2982,True
142,True
6178,False
3859,False
5693,True
1010,False
3266,True
4117,False
1311,True
6672,False
6088,True
2279,False
4377,False
1556,True
2306,False
7599,False
4922,False
875,True
3809,False
5650,True
6551,True
4103,True
1514,True
8452,False
1859,True
6539,False
5096,False
1674,True
6071,False
2388,False
884,False
1114,True
7694,False
437,True
5714,False
6887,False
6544,False
5735,True
6066,False
6935,True
4241,True
4255,False
673,True
6745,False
7230,True
7565,True
2363,False
5460,False
186,True
1524,False
8038,False
7111,True
8277,True
1685,False
3649,True
949,False
4794,True
6344,True
1314,False
15,False
1779,False
777,False
8147,False
7346,True
1260,False
5852,False
162,False
5833,True
3623,False
32,False
4645,False
4181,True
1306,True
2148,True
8090,False
6596,False
4292,False
1664,False
7100,False
666,False
5147,True
6871,False
6890,False
6065,False
7088,True
7789,False
7600,True
6123,True
5967,True
4924,True
3274,True
623,True
1795,False
1202,False
2604,False
5674,False
397,False
5481,False
5708,False
1943,False
6439,True
6827,True
3405,True
3533,False
3488,True
4005,False
7481,True
7169,True
6563,True
1408,False
461,False
6853,False
1122,False
2667,True
3699,True
6881,True
4134,False
3817,False
1048,True
7531,False
5125,True
4949,True
2929,True
211,True
473,True
4482,True
7398,False
4748,True
6191,True
4356,False
2476,False
2743,False
2490,False
1886,False
7552,False
819,True
5902,True
2484,True
2333,False
5751,True
3477,False
7791,False
581,False
2839,False
5786,False
902,False
1065,True
2172,False
484,True
5667,False
7691,True
1778,False
6020,True
4083,True
8079,False
3760,False
121,False
8595,True
7064,True
4105,True
5358,False
7965,True
6613,True
2014,True
1985,True
7349,True
2511,False
8219,False
7086,False
3845,True
3175,True
6279,True
7634,True
3202,False
5371,True
4501,True
4211,False
1627,False
2572,False
2583,False
7218,False
8669,True
737,True
6249,True
3529,False
1829,True
64,False
2285,False
5428,False
2004,True
2990,False
6661,True
4601,False
5659,True
6521,False
7629,True
5293,False
6289,False
3871,True
3535,True
2724,True
3195,False
4589,True
1273,False
4352,False
7841,True
354,False
2222,False
858,True
1997,False
7674,False
2640,True
4814,False
6144,True
408,True
2320,False
4628,True
1355,True
742,False
5765,True
4262,False
8266,False
7515,False
5569,False
6518,False
3500,True
3686,True
7099,True
7615,True
4274,True
463,True
4216,True
2005,True
3038,True
124,False
4162,True
2782,True
1811,True
6513,True
8160,False
4544,True
7992,False
8315,True
1215,False
1508,False
7649,False
5189,True
8425,False
4085,True
5832,False
2748,False
5874,False
2968,False
7364,True
406,False
4565,False
262,False
2215,True
7572,True
6930,True
507,False
5526,False
3732,True
8382,False
493,True
8351,False
5550,True
3297,True
4994,True
5572,False
4799,False
2299,True
5355,True
6419,True
4196,True
1908,True
7876,True
6684,True
2035,True
7206,True
809,False
2635,False
2449,False
5546,True
4379,False
6787,True
7548,False
3357,True
8001,True
6746,True
7596,False
7579,True
2622,False
4017,False
7220,True
6481,False
7803,False
7487,True
2241,False
1592,False
6321,True
8689,False
6534,True
7683,True
1948,True
90,True
1933,False
5803,True
3613,False
4830,False
4991,True
2599,True
7492,False
6664,False
4672,False
2593,False
5528,True
6221,False
137,True
2059,True
5424,False
485,False
4586,True
4176,True
3144,True
1476,False
5885,False
7768,True
2062,False
8114,False
6188,True
5853,True
2157,False
2292,False
7223,True
4857,True
1940,False
3804,True
258,True
7875,True
6025,True
6564,False
2870,True
3007,False
3483,True
1874,True
7318,False
7404,True
2857,False
2529,False
3487,True
8229,False
889,False
5252,False
8175,False
6350,True
5258,False
4302,False
393,False
5949,True
4610,True
8248,False
7217,True
3730,False
8252,True
5177,False
8006,False
888,False
4242,True
2590,False
1517,True
4202,False
1206,True
2612,False
5592,False
8143,False
3344,False
6568,True
1130,True
5390,False
6796,True
1473,False
5702,True
8059,False
2418,True
3413,False
145,True
2528,False
2581,True
6507,True
6483,True
2159,True
410,False
7002,False
955,False
834,True
466,True
3884,False
8339,True
1766,False
218,False
2505,False
2466,True
2587,False
3135,False
1032,False
2326,False
6003,True
7696,False
6940,True
3718,False
6824,False
66,False
8313,True
5303,True
3510,True
7869,False
713,True
2380,True
3798,False
2103,True
3792,False
1897,True
3433,True
2898,True
6578,True
8439,False
6974,False
559,False
4710,True
2443,False
7750,True
2591,True
4741,False
331,False
8691,False
6585,False
3238,False
1298,False
1751,False
4385,False
6973,True
6741,False
4845,False
1730,False
6828,True
7907,True
7987,False
3221,True
5729,False
4187,True
2514,True
7430,True
273,False
4217,True
3358,True
3263,True
301,False
1862,True
3330,False
5007,False
2887,True
3945,True
5616,True
6353,True
4694,True
4826,True
1470,False
5958,False
7725,False
7389,True
6924,True
4351,False
1652,True
3434,False
6795,False
2783,True
1127,True
3633,True
3618,True
7146,True
1552,False
6416,False
7619,False
8127,True
4425,False
6857,False
8375,False
7614,False
6222,False
3109,False
3424,False
1167,True
5762,False
1651,False
1166,False
2283,True
5645,False
2499,False
3316,True
2465,True
599,True
5314,True
6001,True
1111,False
2555,True
1586,True
8633,False
2272,False
5069,False
3702,True
8051,False
2628,True
8190,False
2570,False
6104,True
854,False
1912,True
2047,False
5703,False
3737,True
4193,False
738,True
2392,True
2211,False
7739,True
8421,False
4484,False
3301,False
3608,False
3409,False
3777,True
8031,True
5277,True
3248,False
7118,False
8409,True
2376,True
4145,True
663,False
824,True
3061,True
5099,True
5819,False
8539,True
2601,False
3441,True
2618,False
3572,False
4984,True
1701,False
4481,True
7180,True
1659,True
1232,True
4280,True
1359,True
6202,True
1663,False
5936,False
4606,False
634,False
5029,True
4521,True
1746,False
1975,False
6169,True
5797,True
2189,False
1511,True
1143,True
2630,True
4340,True
7249,False
2580,False
3100,False
5501,True
8078,True
3558,True
4337,False
22,False
8487,False
4179,False
3287,True
7477,True
4030,False
5380,False
4786,False
2260,True
7843,True
6848,False
5821,False
6538,True
3931,True
5230,True
7470,True
6633,False
3010,False
3200,True
3046,True
5717,False
8012,False
135,True
503,False
3661,True
199,False
1083,False
4013,True
5925,True
1776,False
1038,False
244,True
5144,False
7194,False
6342,True
1,True
4919,True
4526,False
4718,False
2455,True
4751,True
7689,False
7066,False
3949,False
697,True
1668,True
1315,False
7501,False
8180,False
6449,True
4082,False
873,False
775,True
6500,True
3543,False
4687,True
6217,True
7677,False
7879,False
1966,True
1935,False
6569,True
4538,True
3896,False
8353,True
6343,True
6502,False
3073,False
1369,True
5640,True
3421,True
3469,True
7560,False
6331,False
5100,True
1419,True
7818,False
4050,False
4035,True
2444,False
7723,False
409,True
1910,False
1914,False
957,True
7530,False
880,False
6260,False
3032,True
4880,True
2912,False
5352,True
3738,False
248,False
670,False
6464,False
3423,True
5964,False
2267,True
8321,False
6360,True
30,False
6051,False
999,True
6378,False
4769,False
5665,False
5865,True
299,False
6895,False
2713,True
7822,True
13,False
1830,False
96,True
936,True
711,True
665,True
8540,False
6461,True
7601,False
4287,False
7058,False
929,True
4780,True
1756,False
8300,False
6844,False
891,True
1041,False
4918,True
5931,True
5349,True
6691,True
2671,True
426,True
5613,True
3816,False
8318,True
5704,True
8188,False
3667,True
5820,True
1548,True
8258,True
2927,True
6663,True
699,False
6835,False
7541,True
4833,True
2058,False
3456,False
6389,True
4461,True
3386,True
8522,True
3814,False
3693,True
1958,False
4778,True
181,True
1205,True
5268,True
5217,True
7379,True
4916,True
971,False
911,False
3516,False
1037,False
3129,False
5919,False
12,True
2297,False
6548,False
73,False
3869,True
1613,False
6750,True
2195,False
7439,False
5705,False
1119,False
8326,False
3127,True
7304,False
8357,False
5959,True
5437,True
5092,False
8476,True
3000,False
7315,False
2030,False
5807,True
4869,True
386,True
5253,True
4182,False
2834,False
4067,True
5875,False
1115,True
2522,True
5044,True
1302,False
6674,False
6849,True
4368,False
5555,True
5955,False
1936,True
277,False
2611,False
4784,True
5461,True
2048,False
5580,True
4092,True
1850,False
1568,True
6567,False
497,False
7625,False
6744,False
7409,True
4296,False
4052,True
3171,False
5005,False
4599,True
314,True
404,False
5192,True
5385,False
7032,True
1461,False
3403,True
2668,True
8170,False
5500,False
7726,False
384,True
6412,False
3694,False
1418,True
5209,False
6445,True
4882,False
1050,True
3928,True
6238,True
4477,False
3643,True
923,False
1442,True
154,False
4139,True
1452,False
8629,True
1274,False
8580,True
8547,False
8222,False
6428,False
452,False
3742,True
7593,False
7755,True
387,True
6383,True
5961,False
6712,False
8671,True
8386,True
5712,False
4816,False
3212,True
1991,False
6530,False
7707,False
2265,False
6826,True
6022,True
7184,False
6165,False
8047,False
89,False
6983,True
4809,False
3491,True
1392,False
1703,False
4555,True
7031,False
808,True
4432,False
4422,False
1376,False
3767,True
4271,True
5857,False
6189,False
6376,False
7720,False
5093,False
7872,True
4300,True
3542,False
768,True
3208,False
2609,True
6195,False
3147,True
4095,True
7928,True
1849,True
1567,False
3980,True
1290,False
5498,False
7807,True
3668,False
4706,True
438,True
641,True
1764,False
5777,True
6073,True
6243,False
4861,False
4760,False
1631,False
7052,False
6800,True
6357,True
6228,True
2975,False
4549,True
3716,False
607,False
2074,False
5398,True
2946,True
4192,False
3963,False
1161,True
5361,True
3684,True
1649,False
2791,False
5529,True
1449,True
4585,True
6083,False
2008,False
3584,True
4049,True
3243,True
8465,True
6411,True
2032,True
8037,False
8268,True
138,False
6091,True
1512,True
4056,True
2336,False
3498,True
2961,False
1736,False
5878,False
1251,False
5687,True
6206,False
7643,True
7913,True
2777,True
399,False
2491,False
8555,False
7425,False
91,False
5604,True
5514,True
3158,False
585,True
161,True
453,False
5445,True
2553,False
589,True
214,False
1636,True
6026,False
2716,False
3802,True
2679,True
6773,False
7213,False
472,True
232,False
3765,False
7407,True
2456,True
1405,False
3954,True
2765,False
2461,False
2263,True
510,True
3669,False
997,False
2,False
5285,False
6501,True
7450,False
3695,False
7704,True
2551,True
6107,False
6124,True
1238,True
3983,False
6992,False
8281,False
8150,True
1893,True
1074,False
906,True
549,True
7438,False
3486,True
7920,True
6373,False
7068,False
7849,False
1930,False
5692,True
5016,False
182,True
222,False
2543,True
6253,True
5077,True
3785,True
6098,False
44,True
2193,True
2356,False
6333,False
4416,False
4110,True
16,False
2524,False
6670,True
4843,True
8246,False
7638,False
4798,False
2310,False
5553,False
1911,True
6823,False
208,False
5907,False
2821,False
8481,False
4839,False
5594,True
185,False
7761,False
433,False
4876,True
3829,False
1210,False
1871,False
7417,True
1132,True
4454,True
1600,True
4847,True
7509,True
2483,True
5811,True
5914,False
5643,False
677,True
4291,True
6721,True
1993,False
6586,True
500,True
8241,False
8464,False
5068,True
5694,False
5522,False
5991,False
1734,False
4763,True
11,True
4250,False
8510,True
1909,True
1762,True
6927,False
8408,True
2257,True
3389,True
5343,True
2235,False
3172,False
1695,True
1692,False
3166,False
6566,False
8568,False
859,False
2733,False
1883,True
6487,True
3512,True
7855,False
8119,True
4018,True
536,True
359,False
8548,False
7060,False
422,False
3534,True
4374,True
702,False
8543,False
8156,True
2474,True
2644,True
5901,True
2714,False
8493,True
6646,False
1814,True
4478,True
6972,False
1793,False
2891,True
8122,True
3268,False
3192,True
6386,False
1395,False
6722,True
1426,True
6019,False
3904,True
6013,False
5577,True
2165,False
4508,True
3058,True
6054,False
3165,True
7714,True
1971,False
7702,False
1068,False
5532,True
1612,True
4740,True
3319,True
2523,True
5954,False
4109,True
3635,False
1432,False
7431,True
6023,True
7176,True
2541,False
5494,True
5079,False
3782,False
3225,True
5897,False
31,False
2520,True
4813,True
4497,False
7055,False
1439,True
3594,True
7752,True
5386,False
3659,True
1598,False
6565,True
3734,False
5588,True
220,False
1155,False
2142,False
6662,False
2196,False
4257,True
4774,False
5176,True
5224,False
7627,True
2238,False
488,False
1323,True
6803,False
8101,False
347,False
4228,False
4579,True
6453,True
3779,True
6713,False
3689,True
176,False
5180,True
951,True
3999,False
2864,True
2513,False
4320,False
8477,False
434,True
7472,False
5041,False
7253,True
8519,False
4222,False
6862,False
2223,True
2960,True
2930,True
5946,False
6649,True
4335,True
6437,True
3178,False
5211,True
4114,False
1969,False
7426,True
3908,False
3159,False
2200,False
2452,False
2146,False
6505,True
6007,True
7935,False
6711,True
4831,False
2357,False
8569,True
1809,True
3472,True
126,False
3108,True
7408,False
5279,False
1759,True
6511,False
4707,True
7116,False
4278,False
2420,False
797,False
6996,True
3258,True
2686,False
8135,True
2911,True
6116,False
754,False
4571,True
3348,True
4199,True
6233,True
4498,True
7749,True
3473,False
3320,False
7908,False
3101,True
6902,False
4313,False
668,True
7114,True
7944,True
3801,False
3977,False
8084,False
6394,False
4800,True
6234,False
201,False
369,False
2396,False
3209,False
2116,True
5493,False
4321,False
6093,False
4951,True
1397,False
2145,False
760,False
4084,False
8225,True
8242,True
5104,False
7747,True
5527,False
1124,False
5231,False
2231,False
8576,False
5615,True
8514,True
8690,True
3425,False
4054,True
3054,True
3493,False
2323,False
1791,False
1738,False
687,False
2460,False
2087,False
8520,False
6442,True
1121,True
7813,False
2390,True
6740,False
7626,True
6880,False
3828,True
2496,False
5397,False
6282,False
6150,False
163,True
6949,True
7830,True
7890,True
2794,False
2176,False
2259,False
8472,True
7624,True
7984,False
8545,True
1230,True
3682,False
6152,False
4812,False
4366,True
7145,False
7270,False
7881,False
7338,False
6525,True
8282,True
2886,False
2282,False
2650,False
548,False
8534,False
1709,True
6665,True
6393,True
5908,False
3176,False
2137,False
6754,True
5152,False
7027,True
3270,False
1995,True
6869,False
4914,True
2950,False
300,True
6832,True
2404,True
2109,False
2164,True
4023,False
1945,False
5999,True
8600,False
1031,True
7131,False
1403,True
2268,False
7453,False
4063,True
2752,False
1503,True
5746,True
4462,True
3513,True
1848,True
2277,True
2775,False
7773,True
5161,True
5010,True
1543,False
3497,True
5109,False
8115,False
2050,False
3970,True
4753,True
586,False
2054,True
6700,False
4383,True
3015,True
852,False
927,True
6899,False
3744,True
8685,True
6624,False
7082,False
2129,False
7512,False
8369,False
6324,False
2467,True
3451,False
1952,True
5791,False
8377,False
2605,False
2003,True
1714,True
1956,True
1822,False
213,False
3008,False
3841,False
1307,False
3766,False
6225,True
1007,False
4061,True
1195,False
3688,False
3570,True
6000,True
1178,False
4656,True
2294,False
4070,False
6370,True
7584,False
4315,True
5070,True
1237,False
7558,True
6478,True
558,True
8212,True
7128,True
2330,True
4373,True
3414,False
148,False
4744,True
8521,True
4952,False
1852,True
3932,False
4048,True
8577,False
2943,True
486,True
5030,True
6145,True
3614,True
4136,False
6873,False
6911,True
7001,False
1422,True
8029,True
4135,True
7449,True
6354,False
1861,False
5879,False
6715,True
101,False
3230,False
820,False
2690,False
5427,True
7666,True
2069,True
5245,True
2026,True
2563,True
707,False
377,False
7701,True
6984,False
8406,True
2942,False
4006,True
8420,False
3305,False
1665,True
7187,True
2186,False
3987,True
5467,False
4219,True
3096,True
937,False
830,True
8273,False
1455,False
2393,True
6027,True
8474,False
2123,False
2768,True
2565,False
612,False
63,False
4670,False
1806,False
913,True
7348,True
5130,True
5283,True
2287,True
1881,False
2480,False
7673,True
8123,False
3419,False
6703,True
8141,False
5806,False
5570,True
2506,False
4878,False
8678,True
748,False
3565,True
7309,False
6798,True
3235,False
5900,True
1927,True
7526,False
8278,False
964,False
5364,True
6311,True
7384,True
5554,False
7905,True
8108,False
1820,False
5347,True
6057,True
7045,True
992,True
4434,True
5132,False
4921,True
5829,False
1222,True
3581,False
8613,False
8243,False
4543,False
4662,True
5599,True
8589,True
7326,False
5994,True
2372,True
3078,True
198,False
618,True
5781,True
1282,True
8,True
6737,True
6290,False
191,False
2626,False
7465,False
6198,False
3182,True
8360,True
3020,False
5525,False
2156,True
6851,True
2579,True
4958,True
8134,False
2438,True
3863,True
5495,True
1151,True
7229,False
555,True
8566,True
2434,False
4525,False
7378,False
1572,True
320,True
4298,True
633,False
389,True
8441,True
1624,True
732,True
987,True
686,True
5459,True
5338,True
2454,False
6872,True
6709,False
4171,False
3723,False
5328,True
7800,False
8662,True
1022,True
8250,True
5666,False
4405,False
2111,True
4764,False
6965,True
496,False
1262,True
3459,True
4871,False
446,True
8624,True
1828,False
1694,True
1276,True
2617,True
5520,True
2906,False
7423,False
4696,False
2098,False
4888,True
6109,False
2239,False
37,False
5512,False
5267,True
2406,False
3605,True
1374,True
6748,False
171,True
8407,True
7471,True
4090,True
3619,False
1926,False
3819,False
7467,True
1012,False
4345,True
4365,True
7672,False
4808,True
6015,False
342,True
60,False
328,True
173,False
3337,False
439,False
4041,True
921,True
7054,True
7602,False
8499,True
1363,False
5730,False
916,False
8198,True
6280,False
3185,True
5141,False
6466,True
825,False
2303,True
53,True
614,True
274,True
4791,True
4001,True
7203,False
1916,True
2741,False
2143,False
5043,True
105,True
81,True
4755,False
4146,False
4542,True
1317,True
1877,False
1099,False
1595,False
5789,True
177,True
5297,False
8402,False
6801,True
1063,True
6168,True
1469,False
6865,False
650,True
6506,False
979,True
4140,True
5468,False
5684,True
5053,False
8205,True
1113,False
4664,True
3162,True
5157,True
6914,False
6925,False
1429,False
8173,False
4851,False
5288,True
8207,False
7457,False
3499,False
1318,False
6186,False
5171,True
1409,False
3443,False
1495,True
424,True
6258,False
5521,False
286,True
4074,False
2902,True
4953,True
1329,False
175,True
2307,False
7632,False
5262,True
8167,False
2221,False
7235,True
5039,True
1633,True
7226,False
7451,True
2540,False
3696,True
8508,False
6609,False
7865,True
4310,False
6714,True
4188,True
5111,False
3039,True
8021,False
2412,False
5159,False
237,True
5963,True
6901,False
6937,True
6407,False
7441,False
5280,True
1918,True
6141,False
3476,True
4583,True
2437,True
5530,True
6846,False
5015,False
1027,True
4805,True
80,False
528,True
1171,True
1962,False
7359,False
8303,True
5318,False
2007,True
71,True
3393,False
396,True
7189,False
4901,True
3938,False
6732,False
7686,False
5257,True
4758,False
7511,False
4305,True
7490,True
7932,True
3576,True
7536,True
206,True
1146,False
5598,True
5987,False
4270,True
3811,True
6858,True
8655,False
6017,False
92,True
5548,False
2262,True
785,True
1075,True
6978,False
1344,True
1708,True
8524,False
356,True
4012,False
1917,True
7355,True
3646,True
3971,False
8035,False
309,False
5626,False
542,False
6244,False
511,True
6197,False
6016,False
5764,True
4261,False
8419,False
5403,True
5357,False
8397,False
1076,True
7730,True
6510,False
6484,True
8663,True
2707,True
4546,True
442,True
1537,False
6266,True
1501,False
3014,False
6239,False
3554,False
1020,False
5071,True
7025,False
4691,True
6856,True
4488,False
3196,False
5046,True
8635,True
3272,True
3354,False
3654,True
1328,False
3154,True
1466,False
966,True
7839,False
295,True
4469,False
7204,True
2368,False
6618,True
226,False
827,False
8571,True
766,True
7744,True
2722,True
5727,False
7971,False
5651,True
2678,True
210,False
1486,False
2067,True
2318,False
4618,True
1407,True
1999,False
8393,True
3680,True
3188,True
6040,True
2805,False
7953,True
5927,True
5411,True
249,True
1044,True
5281,True
7390,True
6527,True
1134,True
1157,False
1356,False
2749,True
6772,True
1035,False
4820,True
7251,False
7884,True
1741,True
48,False
7973,False
1150,True
7368,False
5263,True
6273,True
7980,False
7991,False
6725,True
5238,False
4129,False
1540,True
26,False
6351,True
1641,True
476,True
4091,True
7810,True
1760,True
3083,True
7164,True
6876,True
793,True
27,False
4380,False
1729,False
247,True
7523,True
8215,False
3259,False
5182,False
5417,False
3850,True
7089,True
7072,False
20,False
7433,False
3388,True
8071,True
1454,True
4625,True
5129,False
4529,True
1096,True
3392,True
4623,True
5858,False
1445,True
6854,False
7069,True
6658,False
5632,True
1679,True
288,True
190,False
3269,False
4307,True
4925,True
6716,False
2866,True
8011,True
1176,False
2348,False
8492,False
4372,True
4909,False
2187,True
5685,True
3150,False
5406,False
7804,False
1327,False
1278,True
86,True
7211,True
2417,True
1504,True
3478,True
7856,False
4517,True
3591,True
6702,True
3642,False
6769,True
8149,True
8152,False
574,True
353,False
1827,True
3470,True
115,True
4956,True
7175,False
3214,False
1611,False
3090,False
6905,False
6068,True
2217,False
989,False
4574,True
4470,False
5179,False
8443,False
3992,False
8166,True
5261,True
4534,True
4978,False
4214,False
269,True
1489,False
68,False
3808,True
6987,False
4164,True
5185,False
2332,True
7049,True
5117,False
2813,False
2979,False
2893,True
1481,False
1390,False
544,False
3466,True
514,False
7705,False
5160,False
7748,False
1297,False
238,True
5743,False
7393,False
6296,True
2382,False
659,False
2295,False
7950,True
1179,True
7663,True
3324,False
561,False
7329,True
7630,False
7244,True
6322,True
892,False
6792,True
4974,False
1487,True
4650,True
7708,False
5715,True
4075,False
5754,False
7939,True
3728,True
5883,True
7269,True
5635,True
7133,False
7517,True
150,True
6629,False
7073,True
567,False
5537,False
8628,True
1774,False
8201,True
8187,False
5477,True
3770,False
2125,True
276,False
4850,False
1847,True
1593,True
5028,True
8157,True
701,False
1056,False
3815,False
6622,False
5014,True
1834,True
530,False
6294,False
2016,False
2922,True
1261,False
6263,True
8506,False
8226,False
1077,True
155,False
4444,True
6939,True
7597,True
5587,False
6776,True
4122,True
1254,False
7737,False
982,False
7192,True
6731,False
3522,True
7871,True
4705,False
508,False
5362,False
7361,True
2913,False
1174,True
4580,False
6900,False
1456,True
4770,True
986,True
4499,False
3703,True
1349,True
4873,False
7620,True
7914,False
3479,False
4853,True
1141,False
3842,True
6306,True
8009,True
5755,True
4344,True
1510,False
8447,False
270,True
6209,False
58,True
6180,True
6492,False
3753,False
1515,False
5772,False
4772,False
2370,False
7195,False
7769,True
7257,False
7358,False
5047,True
1235,True
2932,False
2760,True
3340,False
5970,False
7320,True
4802,False
781,True
3474,True
2810,True
6717,True
